{
  "best_metric": 1.9312902688980103,
  "best_model_checkpoint": "results/bart/doc2title_plus/tmz/checkpoint-1500",
  "epoch": 1.3850415512465375,
  "eval_steps": 1500,
  "global_step": 1500,
  "is_hyper_param_search": false,
  "is_local_process_zero": true,
  "is_world_process_zero": true,
  "log_history": [
    {
      "epoch": 1.39,
      "learning_rate": 2.4783010156971377e-05,
      "loss": 2.4253,
      "step": 1500
    },
    {
      "epoch": 1.39,
      "eval_loss": 1.9312902688980103,
      "eval_rouge1": 0.44922211215303537,
      "eval_rouge2": 0.2555448937639405,
      "eval_rougeL": 0.42218587920785033,
      "eval_runtime": 227.3904,
      "eval_samples_per_second": 32.93,
      "eval_steps_per_second": 1.029,
      "step": 1500
    }
  ],
  "logging_steps": 1500,
  "max_steps": 2166,
  "num_train_epochs": 2,
  "save_steps": 1500,
  "total_flos": 1.4264204911828992e+16,
  "trial_name": null,
  "trial_params": null
}
